word,category,description,suggested_repetitions
COUNT,Money & Abundance,"A foundational money word — repeat when you want to draw in income, settle bills, or feel more in control of your finances.",9
BRING,Money & Abundance,"Use to call in opportunities, money, or resources that feel just out of reach.",9
GIVE,Money & Abundance,"Opens the flow of generosity and receiving — useful before donating, tipping, or asking for a raise.",9
RICH,Money & Abundance,A direct abundance booster — repeat while visualizing financial ease and security.,9
GOLD,Money & Abundance,"Associated with value, luxury, and self-worth — good for boosting confidence around money decisions.",9
ADD,Money & Abundance,"A multiplying word — use to increase whatever is already growing, including savings or income streams.",9
CASH FLOW,Money & Abundance,"Repeat when waiting on payments, invoices, or income that feels delayed.",9
ABUNDANCE,Money & Abundance,A broad prosperity word — use as a daily anchor for a mindset of 'enough and more.',9
PROFIT,Money & Abundance,"Best for entrepreneurs and freelancers before sales calls, pricing decisions, or launches.",9
BONUS,Money & Abundance,"Use when hoping for unexpected money — gifts, refunds, rebates, or surprise income.",9
RAISE,Money & Abundance,Repeat before salary negotiations or when seeking recognition for your work.,9
INVEST,Money & Abundance,Helpful before making financial decisions that require patience and long-term thinking.,9
SAVE,Money & Abundance,Supports discipline around spending and building a savings habit.,9
CIRCULATE,Money & Abundance,Reminds you that money is meant to move — useful when feeling stuck financially.,9
MAGNET,Money & Abundance,Use to feel like you're drawing money and opportunity toward you rather than chasing it.,9
OPEN,Money & Abundance,Clears blocks to receiving — good before checking your bank balance or opening mail.,9
FLOW,Money & Abundance,Encourages ease in income and expenses — use when finances feel rigid or tight.,9
SECURE,Money & Abundance,Calms financial anxiety and supports a sense of stability.,9
CLIENTS,Money & Abundance,For business owners — repeat to attract new customers or contracts.,9
SALES,Money & Abundance,"Use before pitches, listings, or marketing pushes to support momentum.",9
DEBT FREE,Money & Abundance,A motivational anchor for those working toward paying down balances.,9
WEALTH,Money & Abundance,A long-term abundance word — pairs well with gratitude practices.,9
FORTUNE,Money & Abundance,Use when hoping for a stroke of good financial luck.,9
VALUE,Money & Abundance,Helps you recognize and price your own work or products fairly.,9
EARN,Money & Abundance,Supports motivation and consistent effort toward income goals.,9
RECEIVE,Money & Abundance,Useful for people who find it easier to give than to accept help or money.,9
PAID,Money & Abundance,Repeat while waiting on outstanding payments or invoices to be settled.,9
BUDGET,Money & Abundance,Supports clarity and calm when reviewing or planning expenses.,9
OPPORTUNITY,Money & Abundance,"Use when job-hunting, networking, or open to new income paths.",9
GENEROUS,Money & Abundance,Shifts a scarcity mindset toward one of sufficiency and sharing.,9
THRIVE,Money & Abundance,A holistic word for financial and overall life growth.,9
LUCKY MONEY,Money & Abundance,Use before lottery-style or low-stakes chance-based situations.,9
STREAM,Money & Abundance,"Visualizes multiple, steady sources of income.",9
EQUITY,Money & Abundance,"Useful when working toward ownership, assets, or long-term financial goals.",9
DEAL,Money & Abundance,"Repeat before negotiations, purchases, or contract signings.",9
HARVEST,Money & Abundance,A seasonal abundance word — reaping rewards from past effort.,9
TREASURE,Money & Abundance,Use to feel a sense of hidden or untapped value in your situation.,9
PROSPER,Money & Abundance,"A steady, long-view word for sustainable financial growth.",9
REWARD,Money & Abundance,Use after completing a task to reinforce a sense of being recognized.,9
PLENTY,Money & Abundance,A simple anchor for the feeling of having more than enough.,9
TOGETHER,Love & Relationships,"A master word for unity — use to strengthen bonds, reconcile, or feel less alone.",9
LOVE,Love & Relationships,The most direct word for opening the heart — use for self-love or relational love.,9
CHARM,Love & Relationships,"Supports magnetism, attraction, and feeling at ease in romantic situations.",9
ADJUST,Love & Relationships,Use when working through compromise or adapting to a partner's needs.,9
REUNITE,Love & Relationships,For situations involving reconciliation or reconnecting with someone important.,9
BLUSH,Love & Relationships,Brings warmth and softness into a conversation — good before a heartfelt talk.,9
DEVOTION,Love & Relationships,Strengthens commitment and loyalty in a relationship.,9
HARMONY,Love & Relationships,Use when there's tension and you want to restore balance between people.,9
CHERISH,Love & Relationships,"Encourages appreciation for a partner, friend, or family member.",9
CONNECT,Love & Relationships,"Use before a date, call, or meeting where you want to build rapport.",9
SOULMATE,Love & Relationships,"For those seeking a deep, compatible romantic connection.",9
EMBRACE,Love & Relationships,Supports physical and emotional closeness.,9
FAITHFUL,Love & Relationships,Reinforces trust and loyalty within a partnership.,9
ROMANCE,Love & Relationships,Use to bring playfulness and spark back into a relationship.,9
COMPANION,Love & Relationships,Useful for those seeking friendship or partnership in life.,9
BLOOM,Love & Relationships,A gentle word for relationships that are growing and developing.,9
WARMTH,Love & Relationships,Use to soften a cold or distant dynamic with someone.,9
APPRECIATE,Love & Relationships,Helps notice and acknowledge the good in a relationship.,9
RECONCILE,Love & Relationships,For repairing rifts after an argument or misunderstanding.,9
INTIMACY,Love & Relationships,Supports emotional and physical closeness between partners.,9
ATTRACT,Love & Relationships,A general word for drawing in romantic interest or new connections.,9
KINDRED,Love & Relationships,Use when seeking people who feel like 'your people.',9
PATIENCE,Love & Relationships,Helps when waiting for a relationship to develop or heal at its own pace.,9
UNDERSTAND,Love & Relationships,Use before difficult conversations to support empathy on both sides.,9
GENTLE,Love & Relationships,Brings softness to how you speak and respond to a loved one.,9
FORGIVE,Love & Relationships,Releases resentment that may be blocking closeness.,9
WELCOME,Love & Relationships,Use when opening yourself up to new people or new chapters of a relationship.,9
DEAR,Love & Relationships,A tender word to bring warmth into how you think about someone.,9
FAMILY,Love & Relationships,Supports a feeling of belonging and closeness within family units.,9
FRIENDSHIP,Love & Relationships,Use to nurture platonic bonds and community.,9
LOYAL,Love & Relationships,Reinforces steadiness and trust in long-term relationships.,9
SPARK,Love & Relationships,Use to reignite excitement in a relationship that feels stagnant.,9
GRATEFUL FOR YOU,Love & Relationships,A short phrase to silently direct toward someone you appreciate.,9
OPEN HEART,Love & Relationships,Use before situations where vulnerability is needed.,9
MUTUAL,Love & Relationships,Supports balance and fairness in give-and-take within a relationship.,9
CLOSER,Love & Relationships,A simple word to draw two people emotionally nearer.,9
TRUST,Love & Relationships,Use when rebuilding confidence in a relationship after doubt.,9
SUPPORT,Love & Relationships,Reinforces the feeling of being there for one another.,9
SWEET,Love & Relationships,"A light, playful word for everyday affection.",9
UNITY,Love & Relationships,Use for couples or families working toward a shared goal.,9
HEAL,Healing & Health,"A broad, foundational word for physical or emotional recovery.",9
REVIVE,Healing & Health,Use to restore energy or function — often paired with naming a body part.,9
BALANCE,Healing & Health,"Supports equilibrium — useful for dizziness, hormones, or general wellness.",9
RESTORE,Healing & Health,"Use after illness, injury, or burnout to support a return to baseline.",9
RENEW,Healing & Health,"A refreshing word for cells, energy, or a sense of vitality.",9
STRENGTH,Healing & Health,Use during recovery or physical training to support resilience.,9
CALM,Healing & Health,Eases tension in the body and mind — useful before sleep or stressful events.,9
RELIEF,Healing & Health,Use during discomfort or pain to support a sense of easing.,9
BREATHE,Healing & Health,A grounding word for moments of anxiety or shallow breathing.,9
VITALITY,Healing & Health,Supports overall energy levels and zest for life.,9
IMMUNITY,Healing & Health,"Use during cold/flu season or when run down, to support the body's defenses.",9
DIGEST,Healing & Health,Supports digestive comfort — useful after heavy meals.,9
CIRCULATION,Healing & Health,Use for cold extremities or general blood-flow support.,9
REST,Healing & Health,A simple word to support recovery time and downtime.,9
RECOVER,Healing & Health,Use during the healing window after illness or surgery.,9
SOOTHE,Healing & Health,Calms irritation — physical or emotional.,9
REGENERATE,Healing & Health,Supports the body's natural repair processes.,9
CLARITY,Healing & Health,Use for mental fog or when needing a clear head for decisions.,9
ENERGIZE,Healing & Health,Use in the morning or during an afternoon slump.,9
NOURISH,Healing & Health,Supports a healthy relationship with food and nutrients.,9
DETOX,Healing & Health,Use during cleansing routines or to support the body's natural elimination.,9
FLEXIBLE,Healing & Health,Supports physical flexibility and ease of movement.,9
STEADY,Healing & Health,"Use for steadying nerves, hands, or blood pressure.",9
COMFORT,Healing & Health,A gentle word for emotional or physical discomfort.,9
REGULATE,Healing & Health,"Use for cycles, sleep patterns, or hormone balance.",9
WHOLE,Healing & Health,A holistic word for feeling complete and well in body and mind.,9
RELAX,Healing & Health,Use to release muscular or mental tension.,9
GROUND,Healing & Health,"Helps when feeling scattered, dizzy, or disconnected from the body.",9
LIGHT,Healing & Health,Supports a feeling of lightness — physically or emotionally.,9
EASE,Healing & Health,A versatile word for reducing friction in body or daily life.,9
REJUVENATE,Healing & Health,Use after fatigue to support a refreshed feeling.,9
PAIN FREE,Healing & Health,A direct phrase for moments of physical discomfort.,9
HYDRATE,Healing & Health,A reminder word to support proper hydration habits.,9
SLEEP WELL,Healing & Health,"Use before bed to support restful, uninterrupted sleep.",9
ALIGN,Healing & Health,"Supports posture, spine health, and overall bodily alignment.",9
RECHARGE,Healing & Health,Use during breaks to support a return of energy.,9
ENDURE,Healing & Health,Supports stamina during physically demanding periods.,9
MEND,Healing & Health,"Use for healing cuts, bruises, or minor injuries.",9
FRESH START,Healing & Health,Use when beginning a new health routine or habit.,9
BODY LOVE,Healing & Health,"Supports a kind, accepting relationship with your physical body.",9
RESILIENT,Healing & Health,A long-view word for bouncing back from setbacks.,9
SHIELD,Protection & Safety,Use to create a sense of energetic or emotional protection around yourself.,9
ARMOR,Protection & Safety,A strong protective word for high-pressure or hostile environments.,9
GUARD,Protection & Safety,"Use when traveling, walking alone, or entering unfamiliar situations.",9
SAFE,Protection & Safety,A simple grounding word for personal or family safety concerns.,9
CLEAR,Protection & Safety,"Use to mentally clear negativity from a space, situation, or interaction.",9
BOUNDARY,Protection & Safety,Supports healthy limits with people or situations that drain you.,9
WARD,Protection & Safety,Use for general protective intent around your home or belongings.,9
STEADFAST,Protection & Safety,Reinforces a sense of being unshaken by outside pressure.,9
SECURE,Protection & Safety,"Use for home, digital, or financial security concerns.",9
CLOAK,Protection & Safety,Use when wanting to feel low-profile or undisturbed in a crowd.,9
VIGILANT,Protection & Safety,Supports alertness without anxiety in unfamiliar situations.,9
ANCHOR,Protection & Safety,Use to feel steady and unmovable during chaotic moments.,9
FORTIFY,Protection & Safety,A strengthening word for resilience against ongoing stress.,9
REPEL,Protection & Safety,Use to mentally distance yourself from negativity or unwanted attention.,9
BUFFER,Protection & Safety,Helps create emotional distance from draining people or situations.,9
WATCHFUL,Protection & Safety,"Use when needing extra awareness, such as during travel.",9
CALM AUTHORITY,Protection & Safety,Supports a grounded presence in confrontational situations.,9
HOME SAFE,Protection & Safety,A travel phrase for safe departures and returns.,9
STAND FIRM,Protection & Safety,Use when needing to hold your ground in a difficult conversation.,9
RELEASE FEAR,Protection & Safety,Use when anxiety about safety is outweighing the actual risk.,9
PROTECT,Protection & Safety,"A general-purpose protective word for people, property, or plans.",9
DEFEND,Protection & Safety,Use when standing up for yourself or someone else.,9
SHELTER,Protection & Safety,A calming word for times you need to feel held and safe.,9
FIREWALL,Protection & Safety,"Use for digital security, privacy, or online safety concerns.",9
UNTOUCHABLE,Protection & Safety,Use to feel emotionally unaffected by criticism or negativity.,9
SAFE PASSAGE,Protection & Safety,A travel-focused phrase for journeys and commutes.,9
INVISIBLE,Protection & Safety,Use when wanting to avoid unwanted attention or conflict.,9
STRONGHOLD,Protection & Safety,Supports a feeling of having a safe base to return to.,9
DEFLECT,Protection & Safety,Use to let negativity or criticism pass without absorbing it.,9
GROUNDED SAFETY,Protection & Safety,A grounding phrase for moments of heightened anxiety about safety.,9
PEACEFUL HOME,Protection & Safety,"Use to support a calm, drama-free household environment.",9
BOLD,Confidence & Self-Esteem,"Use before situations requiring courage, like public speaking or interviews.",9
WORTHY,Confidence & Self-Esteem,Addresses feelings of not being 'enough' — supports self-worth.,9
CAPABLE,Confidence & Self-Esteem,Use before tasks that feel intimidating or new.,9
CONFIDENT,Confidence & Self-Esteem,A direct word for building self-assurance in any situation.,9
RISE,Confidence & Self-Esteem,Use when wanting to step into a bigger version of yourself.,9
VALUED,Confidence & Self-Esteem,Helps counter feelings of being overlooked or underappreciated.,9
EMPOWERED,Confidence & Self-Esteem,Use before decisions that require standing in your own authority.,9
SELF-RESPECT,Confidence & Self-Esteem,Supports honoring your own needs and limits.,9
BRAVE,Confidence & Self-Esteem,"Use when facing fear directly — interviews, conversations, performances.",9
STAND TALL,Confidence & Self-Esteem,A posture-and-mindset phrase for moments needing presence.,9
DESERVE,Confidence & Self-Esteem,Addresses guilt around receiving good things.,9
ENOUGH,Confidence & Self-Esteem,A short word to counter perfectionism and self-criticism.,9
RADIANT,Confidence & Self-Esteem,Use to feel more visible and self-assured in social settings.,9
ASSERTIVE,Confidence & Self-Esteem,"Use before conversations requiring clear, direct communication.",9
UNSTOPPABLE,Confidence & Self-Esteem,A motivational word for pushing through self-doubt.,9
PROUD,Confidence & Self-Esteem,Use to acknowledge your own achievements without minimizing them.,9
SELF-TRUST,Confidence & Self-Esteem,Supports decision-making without excessive second-guessing.,9
MAGNETIC,Confidence & Self-Esteem,Use before social events where you want to feel naturally engaging.,9
FEARLESS,Confidence & Self-Esteem,A strong word for facing high-stakes situations.,9
AUTHENTIC,Confidence & Self-Esteem,Supports showing up as yourself rather than performing for others.,9
VOICE,Confidence & Self-Esteem,Use when you need to speak up in a meeting or group setting.,9
RESILIENCE,Confidence & Self-Esteem,Supports bouncing back from criticism or rejection.,9
OWN IT,Confidence & Self-Esteem,A modern phrase for taking responsibility and pride in your work.,9
FRONT FOOT,Confidence & Self-Esteem,Use to feel proactive rather than reactive in a situation.,9
UNAPOLOGETIC,Confidence & Self-Esteem,Supports comfort with taking up space and having needs.,9
CENTERED,Confidence & Self-Esteem,Use to feel less swayed by others' opinions.,9
POISED,Confidence & Self-Esteem,"Supports composure under pressure, like interviews or exams.",9
LIMITLESS,Confidence & Self-Esteem,Use when self-imposed limits feel like the main obstacle.,9
SHINE,Confidence & Self-Esteem,"A light, energizing word for stepping into visibility.",9
STAND OUT,Confidence & Self-Esteem,"Use for auditions, interviews, or competitive situations.",9
SLEEP,Sleep & Rest,A direct word for falling asleep more easily.,9
DROWSY,Sleep & Rest,Use to gently encourage the body toward rest.,9
UNWIND,Sleep & Rest,Helps release the day's tension before bed.,9
QUIET MIND,Sleep & Rest,Use when racing thoughts are keeping you awake.,9
DEEP SLEEP,Sleep & Rest,Supports staying asleep through the night.,9
PEACEFUL NIGHT,Sleep & Rest,A broad phrase for an undisturbed night's sleep.,9
LET GO,Sleep & Rest,Use to release the need to keep 'doing' before sleep.,9
HEAVY EYES,Sleep & Rest,A sensory phrase to support the physical sensation of sleepiness.,9
DREAM WELL,Sleep & Rest,Use for those wanting more pleasant or restful dreams.,9
SWITCH OFF,Sleep & Rest,Helps transition from a busy day into rest mode.,9
RESTFUL,Sleep & Rest,"A general word for quality, restorative rest.",9
MORNING ENERGY,Sleep & Rest,Use upon waking to support feeling refreshed rather than groggy.,9
NAP,Sleep & Rest,Use before short daytime rest periods.,9
STILL,Sleep & Rest,Supports physical stillness when the body feels restless at night.,9
COZY,Sleep & Rest,A comfort-focused word for settling into bed.,9
WIND DOWN,Sleep & Rest,Use during evening routines to signal the body it's time to relax.,9
SLUMBER,Sleep & Rest,"A gentle, old-fashioned word for deep rest.",9
RECHARGE OVERNIGHT,Sleep & Rest,Use to support energy restoration during sleep.,9
EYES CLOSE,Sleep & Rest,A simple physical cue to support the process of falling asleep.,9
PEACE BEFORE SLEEP,Sleep & Rest,Use to release worries before bedtime.,9
FOCUS,Focus & Productivity,A direct word for concentration during work or study.,9
BEGIN,Focus & Productivity,Use to overcome procrastination and start a task.,9
DONE,Focus & Productivity,Use to support completion and follow-through on tasks.,9
ACT,Focus & Productivity,A motivational word for taking the first step on something.,9
ORGANIZE,Focus & Productivity,Supports clarity when facing a cluttered task list or space.,9
PRIORITIZE,Focus & Productivity,Use when overwhelmed by competing demands.,9
CONCENTRATE,Focus & Productivity,A study-focused word for sustained attention.,9
MOMENTUM,Focus & Productivity,Use to keep going once you've started a task.,9
DEADLINE,Focus & Productivity,Use when working against time constraints.,9
EFFICIENT,Focus & Productivity,"Supports streamlined, less wasteful work habits.",9
DECIDE,Focus & Productivity,Use when stuck between options and needing to move forward.,9
PRODUCTIVE,Focus & Productivity,"A general word for a focused, output-oriented mindset.",9
CLEAR DESK,Focus & Productivity,Use before starting work to mentally and physically declutter.,9
ON TASK,Focus & Productivity,Use to redirect attention back to the current priority.,9
DEEP WORK,Focus & Productivity,"Supports extended periods of focused, distraction-free work.",9
FINISH,Focus & Productivity,Use when a project is close to completion but motivation is fading.,9
STUDY,Focus & Productivity,A direct word for academic focus and retention.,9
PLAN,Focus & Productivity,Use before mapping out a project or your day.,9
STREAMLINE,Focus & Productivity,Supports simplifying overly complex tasks or processes.,9
STEADY PACE,Focus & Productivity,Use to avoid burnout during long projects.,9
CLARITY OF MIND,Focus & Productivity,Supports clear thinking before important decisions or work sessions.,9
DISCIPLINE,Focus & Productivity,Use for building consistent habits and routines.,9
NO DISTRACTIONS,Focus & Productivity,A direct phrase for minimizing interruptions during focused time.,9
FLOW STATE,Focus & Productivity,Use to support entering a state of effortless concentration.,9
TIME WELL SPENT,Focus & Productivity,"Supports intentional use of time, especially against procrastination.",9
SMALL STEPS,Focus & Productivity,Use when a large task feels overwhelming.,9
ACCOUNTABLE,Focus & Productivity,Supports follow-through on commitments to yourself or others.,9
REVIEW,Focus & Productivity,Use before checking work for errors or improvements.,9
WRAP UP,Focus & Productivity,Use when transitioning out of a task or workday.,9
RESET FOCUS,Focus & Productivity,Use mid-task when attention has drifted.,9
CLEAR,Forgiveness & Letting Go,Use to release the emotional residue of past events.,9
RELEASE,Forgiveness & Letting Go,"A direct word for letting go of grudges, guilt, or attachment.",9
FORGIVE,Forgiveness & Letting Go,Use toward yourself or others to ease the weight of past hurt.,9
LET GO,Forgiveness & Letting Go,"A simple, repeatable phrase for releasing what no longer serves you.",9
ABSOLVE,Forgiveness & Letting Go,Use when carrying guilt or self-blame.,9
UNTIE,Forgiveness & Letting Go,"Helps loosen emotional attachment to a person, place, or outcome.",9
MOVE ON,Forgiveness & Letting Go,Use when stuck replaying a past situation.,9
CLOSE THE CHAPTER,Forgiveness & Letting Go,Supports completion and closure after endings.,9
FREE,Forgiveness & Letting Go,Use for a sense of liberation from old patterns or relationships.,9
RELEASE RESENTMENT,Forgiveness & Letting Go,Use when anger toward someone is affecting your present.,9
EXHALE,Forgiveness & Letting Go,A breath-based phrase for releasing built-up tension.,9
UNBURDEN,Forgiveness & Letting Go,Use when carrying responsibility that isn't yours.,9
PEACE WITH PAST,Forgiveness & Letting Go,Supports acceptance of events that can't be changed.,9
DETACH,Forgiveness & Letting Go,Use to create healthy distance from an outcome or person.,9
CLEAN SLATE,Forgiveness & Letting Go,Use when starting fresh after a difficult period.,9
ACCEPT,Forgiveness & Letting Go,Supports making peace with things outside your control.,9
LIGHTEN,Forgiveness & Letting Go,Use to feel less emotionally weighed down.,9
SOFTEN,Forgiveness & Letting Go,"Helps ease a hardened stance toward someone, including yourself.",9
NO LONGER NEEDED,Forgiveness & Letting Go,"Use for habits, beliefs, or relationships that have run their course.",9
HEAL AND RELEASE,Forgiveness & Letting Go,A combined phrase for processing and letting go of pain.,9
THANK AND RELEASE,Forgiveness & Letting Go,Use to honor a lesson before letting go of the experience.,9
OPEN HANDS,Forgiveness & Letting Go,A visual phrase for releasing the need to control an outcome.,9
WASH AWAY,Forgiveness & Letting Go,Use to mentally clear residue from a difficult interaction.,9
FORGIVE MYSELF,Forgiveness & Letting Go,Use specifically for self-directed guilt or shame.,9
RELEASE THE GRIP,Forgiveness & Letting Go,Use when overthinking or obsessing over a situation.,9
EXPRESS,Communication & Expression,Use when struggling to articulate thoughts or feelings.,9
SPEAK,Communication & Expression,A direct word for public speaking or difficult conversations.,9
LISTEN,Communication & Expression,"Supports active, present listening in conversations.",9
CLARIFY,Communication & Expression,Use when a message has been misunderstood or is unclear.,9
HONEST,Communication & Expression,"Supports truthful, direct communication.",9
ARTICULATE,Communication & Expression,Use before presentations or interviews.,9
DIPLOMATIC,Communication & Expression,Helps navigate sensitive topics with tact.,9
RESPOND,Communication & Expression,Use when wanting to react thoughtfully rather than reactively.,9
CONVERSATION,Communication & Expression,"A general word for easier, more natural social exchanges.",9
WRITE,Communication & Expression,"Use before writing emails, essays, or creative work.",9
PERSUADE,Communication & Expression,"Use before pitches, sales calls, or negotiations.",9
CONNECT WORDS,Communication & Expression,Helps when finding the right words feels difficult.,9
EYE CONTACT,Communication & Expression,Use before social interactions where presence matters.,9
CALM VOICE,Communication & Expression,Use during tense conversations to maintain composure.,9
ASK CLEARLY,Communication & Expression,Supports direct requests without over-explaining.,9
RESOLVE,Communication & Expression,Use during conflict to support finding common ground.,9
FEEDBACK,Communication & Expression,Use before giving or receiving constructive criticism.,9
STORY,Communication & Expression,"Use when crafting a narrative — for presentations, pitches, or writing.",9
TRANSLATE,Communication & Expression,Supports bridging gaps between different perspectives or languages.,9
SAY IT,Communication & Expression,"A short, motivating phrase for saying something you've been holding back.",9
EXPRESS GRATITUDE,Communication & Expression,Use before thanking someone meaningfully.,9
PUBLIC SPEAKING,Communication & Expression,"Use before presentations, speeches, or performances.",9
WRITE CLEARLY,Communication & Expression,"Supports concise, well-organized written communication.",9
ACTIVE LISTENING,Communication & Expression,Use to be more present and less reactive during conversations.,9
VOICE HEARD,Communication & Expression,Use in group settings where you want to be acknowledged.,9
LUCKY,Luck & Opportunity,A general-purpose word for inviting good fortune.,9
FORTUNATE,Luck & Opportunity,Use to shift focus toward favorable possibilities.,9
OPEN DOORS,Luck & Opportunity,Use when seeking new paths or opportunities.,9
TIMING,Luck & Opportunity,Supports a sense of things happening at the right moment.,9
SERENDIPITY,Luck & Opportunity,Use to invite meaningful coincidences.,9
BREAKTHROUGH,Luck & Opportunity,Use when feeling stuck and needing a turning point.,9
WIN,Luck & Opportunity,"Use before competitions, applications, or chance-based events.",9
CHANCE,Luck & Opportunity,A light word for openness to new possibilities.,9
RIGHT PLACE RIGHT TIME,Luck & Opportunity,Use when hoping to be positioned for an opportunity.,9
YES,Luck & Opportunity,"Use before applications, requests, or proposals.",9
GOLDEN OPPORTUNITY,Luck & Opportunity,Use when a promising option presents itself.,9
FAVOR,Luck & Opportunity,Use when hoping for goodwill from others or circumstances.,9
UPGRADE,Luck & Opportunity,"Use when hoping for an improvement — travel, housing, or work.",9
UNEXPECTED GOOD,Luck & Opportunity,A phrase for openness to pleasant surprises.,9
ALIGNED TIMING,Luck & Opportunity,Use when waiting for circumstances to come together.,9
DOOR OPENS,Luck & Opportunity,Use when an opportunity feels just out of reach.,9
FRESH CHANCE,Luck & Opportunity,"Use after a setback, to support a new attempt.",9
WIND IN MY FAVOR,Luck & Opportunity,A phrase for feeling like circumstances are supporting you.,9
GOOD NEWS,Luck & Opportunity,"Use while waiting on results, applications, or decisions.",9
LUCKY BREAK,Luck & Opportunity,Use when hoping for a sudden positive shift.,9
POSITIVE OUTCOME,Luck & Opportunity,A general phrase for hopeful anticipation of results.,9
SMOOTH SAILING,Luck & Opportunity,"Use before travel, events, or projects you want to go easily.",9
TURN OF FORTUNE,Luck & Opportunity,"Use during a difficult period, anticipating a positive shift.",9
OPPORTUNITY KNOCKS,Luck & Opportunity,Use when actively seeking new options.,9
GOOD TIMING,Luck & Opportunity,Use before scheduling important events or conversations.,9
SUCCESS,Career & Success,A broad word for achievement and goal completion.,9
PROMOTION,Career & Success,Use when working toward career advancement.,9
LEADERSHIP,Career & Success,Supports stepping into roles of responsibility.,9
INTERVIEW,Career & Success,Use before job interviews to support composure and clarity.,9
HIRED,Career & Success,Use during job searches to support a positive outcome.,9
NETWORK,Career & Success,Use before professional events or outreach.,9
RECOGNITION,Career & Success,Supports being acknowledged for your contributions.,9
ACHIEVE,Career & Success,A motivational word for working toward specific goals.,9
CAREER GROWTH,Career & Success,Use when feeling stagnant in your current role.,9
PRESENTATION,Career & Success,Use before presenting to a group or leadership team.,9
TEAMWORK,Career & Success,Supports collaboration and smoother group dynamics.,9
NEGOTIATE,Career & Success,Use before salary or contract discussions.,9
BUSINESS GROWTH,Career & Success,Use for entrepreneurs working toward expansion.,9
NEW JOB,Career & Success,Use during active job searching.,9
EXPERTISE,Career & Success,Supports confidence in your skills and knowledge.,9
MILESTONE,Career & Success,Use when working toward a specific career marker.,9
WORK-LIFE BALANCE,Career & Success,Use when career demands feel like they're overwhelming other areas.,9
REPUTATION,Career & Success,Supports a positive professional image.,9
INNOVATE,Career & Success,Use when working on new ideas or creative solutions at work.,9
CLOSE THE DEAL,Career & Success,Use before finalizing contracts or agreements.,9
STEADY INCOME,Career & Success,Use for those seeking financial stability through work.,9
CAREER CLARITY,Career & Success,Use when uncertain about your professional direction.,9
PROMOTED,Career & Success,A direct word for advancement-focused intentions.,9
PROFESSIONAL,Career & Success,"Supports a composed, capable presence at work.",9
FIRST DAY,Career & Success,Use before starting a new job or role.,9
DIVINE,Spiritual Connection & Meditation,A master word for connecting with a higher power or universal support.,9
PRESENCE,Spiritual Connection & Meditation,Use to anchor yourself in the current moment.,9
MEDITATE,Spiritual Connection & Meditation,A direct word for entering a meditative state.,9
STILLNESS,Spiritual Connection & Meditation,Supports quieting mental chatter during reflection.,9
GRACE,Spiritual Connection & Meditation,Use when seeking ease and support beyond your own effort.,9
ALIGN WITH SOURCE,Spiritual Connection & Meditation,A phrase for feeling connected to a sense of higher guidance.,9
INTUITION,Spiritual Connection & Meditation,Use when making decisions that require trusting your gut.,9
AWAKENED,Spiritual Connection & Meditation,Supports a sense of expanded awareness.,9
MINDFUL,Spiritual Connection & Meditation,A general word for present-moment awareness.,9
GUIDANCE,Spiritual Connection & Meditation,Use when feeling lost and seeking direction.,9
FAITH,Spiritual Connection & Meditation,Supports trust during uncertain times.,9
SACRED,Spiritual Connection & Meditation,Use to bring reverence to a moment or space.,9
ONENESS,Spiritual Connection & Meditation,Supports a feeling of connection to something larger than yourself.,9
INNER PEACE,Spiritual Connection & Meditation,"A foundational phrase for calm, centered states.",9
SURRENDER,Spiritual Connection & Meditation,Use when over-controlling an outcome is causing stress.,9
HIGHER SELF,Spiritual Connection & Meditation,Use when seeking wisdom beyond immediate reactions.,9
BREATH OF LIFE,Spiritual Connection & Meditation,A grounding phrase for breath-based practices.,9
UNIVERSE,Spiritual Connection & Meditation,A broad word for trusting in larger forces at play.,9
ENLIGHTEN,Spiritual Connection & Meditation,Use when seeking insight or a new perspective.,9
SACRED SPACE,Spiritual Connection & Meditation,"Use before meditation, prayer, or quiet reflection.",9
CENTER OF BEING,Spiritual Connection & Meditation,Supports returning to a calm internal baseline.,9
LIGHT WITHIN,Spiritual Connection & Meditation,Use to reconnect with a sense of inner goodness.,9
PRAYER,Spiritual Connection & Meditation,A direct word for moments of prayer or spiritual request.,9
TRUST THE PATH,Spiritual Connection & Meditation,Use during uncertainty about life direction.,9
ENERGY FIELD,Spiritual Connection & Meditation,Use when working with energy-based practices.,9
GRATITUDE PRAYER,Spiritual Connection & Meditation,Combines thankfulness with spiritual reflection.,9
DIVINE TIMING,Spiritual Connection & Meditation,Use when waiting on something and wanting to trust the process.,9
SACRED PAUSE,Spiritual Connection & Meditation,A phrase for taking a meaningful break before reacting.,9
CONNECTED,Spiritual Connection & Meditation,A simple word for feeling part of something larger.,9
RADIATE LIGHT,Spiritual Connection & Meditation,Use to feel like a positive presence in a space.,9
CURVE,Weight Loss & Body Image,"Use to support a healthy, proportionate body shape.",9
LIGHTER,Weight Loss & Body Image,Supports a feeling of physical lightness.,9
TONED,Weight Loss & Body Image,Use during fitness routines focused on toning.,9
APPETITE BALANCE,Weight Loss & Body Image,Supports a balanced relationship with hunger cues.,9
METABOLISM,Weight Loss & Body Image,"Use to support a sense of an active, efficient metabolism.",9
BODY CONFIDENCE,Weight Loss & Body Image,Use to feel more comfortable in your own skin.,9
HEALTHY CHOICES,Weight Loss & Body Image,Use before meals to support mindful eating decisions.,9
ACTIVE,Weight Loss & Body Image,A motivational word for movement and exercise.,9
STRONG BODY,Weight Loss & Body Image,Use during strength-focused fitness routines.,9
PORTION AWARE,Weight Loss & Body Image,Supports mindful portion sizes during meals.,9
CRAVING FREE,Weight Loss & Body Image,Use when working through food cravings.,9
MOVEMENT,Weight Loss & Body Image,A general word to encourage physical activity.,9
SELF-ACCEPTANCE,Weight Loss & Body Image,Supports a kind relationship with your body at any stage.,9
ENERGIZED BODY,Weight Loss & Body Image,Use to feel more capable of physical activity.,9
MINDFUL EATING,Weight Loss & Body Image,Use during meals to support awareness and pacing.,9
FIT,Weight Loss & Body Image,A short word for general fitness intentions.,9
STAMINA,Weight Loss & Body Image,Supports endurance during workouts or active days.,9
PROGRESS NOT PERFECTION,Weight Loss & Body Image,Use to stay motivated without harsh self-judgment.,9
FUEL WELL,Weight Loss & Body Image,Use before meals to focus on nourishment over restriction.,9
MOVE WITH JOY,Weight Loss & Body Image,Use to make physical activity feel less like a chore.,9
CREATE,Creativity & Inspiration,A foundational word for starting any creative project.,9
INSPIRE,Creativity & Inspiration,Use when seeking new ideas or motivation.,9
IMAGINE,Creativity & Inspiration,Supports open-ended brainstorming and idea generation.,9
ARTISTIC,Creativity & Inspiration,"Use before creative work like painting, music, or design.",9
ORIGINAL,Creativity & Inspiration,"Use when seeking fresh, non-derivative ideas.",9
FLOW IDEAS,Creativity & Inspiration,Supports a steady stream of ideas during creative sessions.,9
EXPRESS CREATIVELY,Creativity & Inspiration,Use when translating feelings into creative work.,9
BRAINSTORM,Creativity & Inspiration,A direct word for idea-generation sessions.,9
VISION,Creativity & Inspiration,Use when developing a long-term creative or personal vision.,9
PLAYFUL,Creativity & Inspiration,Supports lightness and experimentation in creative work.,9
BUILD,Creativity & Inspiration,Use during the construction or development phase of a project.,9
DESIGN,Creativity & Inspiration,Use before design-focused work or planning.,9
UNIQUE ANGLE,Creativity & Inspiration,Use when seeking a fresh perspective on a familiar topic.,9
CREATIVE COURAGE,Creativity & Inspiration,Supports sharing creative work despite fear of judgment.,9
MUSE,Creativity & Inspiration,A poetic word for inviting inspiration.,9
EXPERIMENT,Creativity & Inspiration,Use when trying new creative approaches without pressure for perfection.,9
CRAFT,Creativity & Inspiration,Use during hands-on creative or making processes.,9
STORYTELLING,Creativity & Inspiration,Use when developing narratives for writing or presentations.,9
FRESH IDEAS,Creativity & Inspiration,Use when existing ideas feel stale.,9
CREATIVE FLOW,Creativity & Inspiration,Supports entering an immersive creative state.,9
GRATEFUL,Gratitude & Joy,A foundational word for shifting focus toward what's going well.,9
JOY,Gratitude & Joy,Use to invite lightness and happiness into the moment.,9
APPRECIATION,Gratitude & Joy,Supports noticing small positives throughout the day.,9
DELIGHT,Gratitude & Joy,Use to savor small pleasures.,9
CONTENT,Gratitude & Joy,Supports a sense of 'enoughness' in the present moment.,9
CELEBRATE,Gratitude & Joy,"Use to acknowledge wins, big or small.",9
SMILE,Gratitude & Joy,A simple word to shift mood through physical expression.,9
BLESSED,Gratitude & Joy,Use to cultivate a sense of being fortunate.,9
HAPPY,Gratitude & Joy,A direct word for shifting toward a more positive emotional state.,9
LAUGHTER,Gratitude & Joy,Use to invite humor and lightness into a moment.,9
THANKFUL,Gratitude & Joy,Supports reflection on people and circumstances you value.,9
WONDER,Gratitude & Joy,Use to bring a sense of curiosity and awe to everyday moments.,9
BRIGHT SIDE,Gratitude & Joy,Use when reframing a difficult situation.,9
SAVOR,Gratitude & Joy,Supports slowing down to enjoy a positive experience.,9
CHEERFUL,Gratitude & Joy,Use for a general mood lift during the day.,9
PLAYTIME,Gratitude & Joy,Use to invite more fun and lightness into your routine.,9
ABUNDANT JOY,Gratitude & Joy,Combines gratitude and happiness for a fuller emotional shift.,9
LIGHTHEARTED,Gratitude & Joy,Use when a situation feels heavier than it needs to be.,9
SUNSHINE,Gratitude & Joy,"A bright, simple word for mood lifting.",9
FULL HEART,Gratitude & Joy,Use to acknowledge moments of meaningful connection or joy.,9
CALM,Calm & Anxiety Relief,A foundational word for reducing anxious energy.,9
PEACE,Calm & Anxiety Relief,Use to settle racing thoughts or a tense body.,9
EASE,Calm & Anxiety Relief,Supports moving through stressful moments with less friction.,9
SLOW DOWN,Calm & Anxiety Relief,Use when feeling rushed or overstimulated.,9
GROUNDED,Calm & Anxiety Relief,Use to feel more stable during overwhelming moments.,9
BREATHE OUT,Calm & Anxiety Relief,A breath-based phrase for releasing tension.,9
SAFE SPACE,Calm & Anxiety Relief,Use to mentally create a sense of refuge.,9
STEADY BREATH,Calm & Anxiety Relief,Supports regulating breathing during anxious moments.,9
LET IT BE,Calm & Anxiety Relief,Use when trying to control an uncontrollable situation.,9
PRESENT MOMENT,Calm & Anxiety Relief,Use when anxiety is focused on the future.,9
RELAXED BODY,Calm & Anxiety Relief,Supports releasing physical tension associated with stress.,9
QUIET WORRY,Calm & Anxiety Relief,Use when intrusive worries are looping.,9
SOFT MIND,Calm & Anxiety Relief,Use to ease a hyper-alert or overstimulated mental state.,9
UNWORRIED,Calm & Anxiety Relief,A direct word for releasing a specific worry.,9
SETTLE,Calm & Anxiety Relief,Use when feeling unsettled or on edge.,9
CALM NERVES,Calm & Anxiety Relief,Use before situations that trigger nervousness.,9
INNER CALM,Calm & Anxiety Relief,A grounding phrase for emotional regulation.,9
PAUSE,Calm & Anxiety Relief,Use to create space between a trigger and your reaction.,9
RELEASE TENSION,Calm & Anxiety Relief,Use for physical tightness associated with stress.,9
SOOTHE ANXIETY,Calm & Anxiety Relief,A direct phrase for moments of acute anxiety.,9
SECURE AND SAFE,Calm & Anxiety Relief,Use to counter a sense of threat that doesn't match reality.,9
CALM STORM,Calm & Anxiety Relief,Use during chaotic or high-pressure situations.,9
STILL WATERS,Calm & Anxiety Relief,A visual phrase for inner calm amid external turbulence.,9
GENTLE REASSURANCE,Calm & Anxiety Relief,Use when seeking comfort during uncertainty.,9
BREATHING SPACE,Calm & Anxiety Relief,Use when feeling crowded by demands or people.,9
FAMILY HARMONY,Family & Children,Use to support smoother dynamics within the household.,9
PATIENT PARENT,Family & Children,Use during challenging moments with children.,9
BONDING,Family & Children,Supports closeness during family time.,9
SAFE CHILDHOOD,Family & Children,Use to support a sense of security for children.,9
LISTEN TO ME,Family & Children,Use when wanting to feel heard within family conversations.,9
FAMILY SUPPORT,Family & Children,Use during times when the family needs to pull together.,9
CALM HOUSEHOLD,Family & Children,Supports a peaceful home environment.,9
GROWING UP WELL,Family & Children,A broad phrase for supporting healthy child development.,9
QUALITY TIME,Family & Children,Use to prioritize meaningful family interactions.,9
UNDERSTANDING PARENT,Family & Children,Supports empathy during parent-child conflicts.,9
FAMILY GRATITUDE,Family & Children,Use to focus on appreciation within family relationships.,9
PATIENCE WITH KIDS,Family & Children,Use during repetitive or tiring caregiving moments.,9
SHARED LAUGHTER,Family & Children,Use to bring lightness into family interactions.,9
FAMILY HEALTH,Family & Children,A general phrase for the wellbeing of the household.,9
HOME PEACE,Family & Children,"Use to support a calm, low-conflict home atmosphere.",9
SAFE TRAVELS,Travel & Daily Ease,"Use before any journey, short or long.",9
SMOOTH JOURNEY,Travel & Daily Ease,Use to support ease during commutes or trips.,9
ON TIME,Travel & Daily Ease,Use when timing matters for travel or appointments.,9
EASY PARKING,Travel & Daily Ease,"A light, practical phrase for daily errands.",9
LIGHT TRAFFIC,Travel & Daily Ease,Use before driving during busy periods.,9
FOUND IT,Travel & Daily Ease,Use when searching for a lost item.,9
EASY MORNING,Travel & Daily Ease,Use to support a smooth start to the day.,9
GOOD WEATHER,Travel & Daily Ease,Use before outdoor plans or travel.,9
EFFICIENT ERRANDS,Travel & Daily Ease,Use when running multiple tasks in limited time.,9
STRESS-FREE COMMUTE,Travel & Daily Ease,Use during daily travel to work or school.,9
FREEDOM FROM HABIT,Habits & Recovery,"Use when working to change a repetitive, unwanted behavior.",9
ONE DAY AT A TIME,Habits & Recovery,A grounding phrase for recovery-focused intentions.,9
STRONGER THAN THE URGE,Habits & Recovery,Use during moments of craving or temptation.,9
NEW PATTERN,Habits & Recovery,Supports building a replacement habit.,9
CLEAN START,Habits & Recovery,Use when beginning a recovery journey or habit change.,9
WILLPOWER,Habits & Recovery,Use during moments requiring extra self-control.,9
BREAK THE CYCLE,Habits & Recovery,Use when patterns feel repetitive and hard to shift.,9
HEALTHY HABIT,Habits & Recovery,A general word for reinforcing positive routines.,9
ACCOUNTABILITY PARTNER,Habits & Recovery,Use when working on goals with the support of others.,9
PROGRESS,Habits & Recovery,Supports recognizing small steps forward in recovery or habit change.,9
CALM CRAVING,Habits & Recovery,Use during moments of strong urges.,9
RESET,Habits & Recovery,Use after a setback to support getting back on track.,9
SUPPORTED RECOVERY,Habits & Recovery,A phrase for feeling less alone in a recovery process.,9
HEALTHY BOUNDARIES,Habits & Recovery,Use when avoiding triggering people or environments.,9
STRENGTH TO CHOOSE,Habits & Recovery,Use in the moment of decision around a habit.,9
AMETHYST,Crystals as Switchwords,"Associated with calm, spiritual connection, and easing stress.",9
CITRINE,Crystals as Switchwords,"Associated with mental clarity, confidence, and financial focus.",9
ROSE QUARTZ,Crystals as Switchwords,"Associated with self-love, compassion, and gentle emotional healing.",9
CLEAR QUARTZ,Crystals as Switchwords,"Associated with clarity, amplification of intention, and focus.",9
BLACK TOURMALINE,Crystals as Switchwords,Associated with grounding and protective energy.,9
AMAZONITE,Crystals as Switchwords,Associated with calm communication and self-expression.,9
CARNELIAN,Crystals as Switchwords,"Associated with courage, vitality, and motivation.",9
MOONSTONE,Crystals as Switchwords,"Associated with intuition, new beginnings, and emotional balance.",9
LAPIS LAZULI,Crystals as Switchwords,"Associated with insight, truth, and communication.",9
TIGER'S EYE,Crystals as Switchwords,"Associated with confidence, willpower, and grounded action.",9
AQUAMARINE,Crystals as Switchwords,"Associated with calm, clear communication and soothing emotions.",9
MALACHITE,Crystals as Switchwords,Associated with transformation and emotional release.,9
PYRITE,Crystals as Switchwords,"Associated with abundance, willpower, and protection.",9
SELENITE,Crystals as Switchwords,Associated with mental clarity and a sense of peace.,9
GARNET,Crystals as Switchwords,"Associated with vitality, passion, and grounding energy.",9
BLUE SAPPHIRE,Crystals as Switchwords,"Associated with insight, focus, and calm communication.",9
JADE,Crystals as Switchwords,"Associated with harmony, balance, and gentle prosperity.",9
OBSIDIAN,Crystals as Switchwords,Associated with grounding and releasing negative patterns.,9
OPAL,Crystals as Switchwords,Associated with emotional expression and inspiration.,9
TURQUOISE,Crystals as Switchwords,"Associated with protection, communication, and calm.",9
RESCUE REMEDY,Bach Flower Remedies as Switchwords,Associated with calming acute stress or shock.,9
MIMULUS,Bach Flower Remedies as Switchwords,Associated with easing everyday fears and shyness.,9
ASPEN,Bach Flower Remedies as Switchwords,"Associated with easing vague, unexplained anxiety.",9
CHERRY PLUM,Bach Flower Remedies as Switchwords,Associated with regaining composure when feeling overwhelmed.,9
WHITE CHESTNUT,Bach Flower Remedies as Switchwords,"Associated with quieting repetitive, looping thoughts.",9
OLIVE,Bach Flower Remedies as Switchwords,Associated with restoring energy after exhaustion.,9
WALNUT,Bach Flower Remedies as Switchwords,Associated with adapting to change and transitions.,9
HORNBEAM,Bach Flower Remedies as Switchwords,Associated with easing mental fatigue and procrastination.,9
GORSE,Bach Flower Remedies as Switchwords,Associated with renewing hope during discouragement.,9
CRAB APPLE,Bach Flower Remedies as Switchwords,Associated with self-acceptance and releasing self-criticism.,9
CENTAURY,Bach Flower Remedies as Switchwords,Associated with healthy boundaries and assertiveness.,9
HOLLY,Bach Flower Remedies as Switchwords,"Associated with softening anger, jealousy, and irritability.",9
HONEYSUCKLE,Bach Flower Remedies as Switchwords,Associated with releasing attachment to the past.,9
AGRIMONY,Bach Flower Remedies as Switchwords,Associated with easing hidden worry behind a cheerful exterior.,9
CHICORY,Bach Flower Remedies as Switchwords,Associated with healthier giving without needing approval.,9
CHESTNUT BUD,Bach Flower Remedies as Switchwords,Associated with learning from repeated mistakes.,9
BEECH,Bach Flower Remedies as Switchwords,Associated with increasing tolerance and patience with others.,9
CLEMATIS,Bach Flower Remedies as Switchwords,Associated with staying present rather than daydreaming.,9
VERVAIN,Bach Flower Remedies as Switchwords,Associated with calming over-enthusiasm and tension.,9
WILD ROSE,Bach Flower Remedies as Switchwords,Associated with renewing motivation and interest in life.,9
ARCHANGEL MICHAEL,Archangels as Switchwords,"Associated with protection, courage, and removing negativity.",9
ARCHANGEL RAPHAEL,Archangels as Switchwords,"Associated with healing of mind, body, and spirit.",9
ARCHANGEL GABRIEL,Archangels as Switchwords,"Associated with clarity, communication, and creative inspiration.",9
ARCHANGEL URIEL,Archangels as Switchwords,"Associated with wisdom, insight, and calm clarity.",9
ARCHANGEL CHAMUEL,Archangels as Switchwords,Associated with finding peace and harmony in relationships.,9
ARCHANGEL JOPHIEL,Archangels as Switchwords,"Associated with positivity, beauty, and shifting perspective.",9
ARCHANGEL ARIEL,Archangels as Switchwords,Associated with connection to nature and gentle strength.,9
ARCHANGEL AZRAEL,Archangels as Switchwords,Associated with comfort during grief and transitions.,9
ARCHANGEL HANIEL,Archangels as Switchwords,Associated with intuition and gentle inner guidance.,9
ARCHANGEL RAZIEL,Archangels as Switchwords,Associated with insight and a sense of calm understanding.,9
ARCHANGEL METATRON,Archangels as Switchwords,Associated with releasing old patterns and finding focus.,9
ARCHANGEL ZADKIEL,Archangels as Switchwords,"Associated with memory, forgiveness, and mental clarity.",9
ARCHANGEL SANDALPHON,Archangels as Switchwords,Associated with grounding creative and musical inspiration.,9
ARCHANGEL JEREMIEL,Archangels as Switchwords,Associated with reflection and emotional clarity.,9
